;agency_words;agency;climate_words;climate;covid_words;covid;health_words;health;possibility_words;possibility;social_words;social;urgency_words;urgency
week_2;law, defend, transform, condemn, listen_science, subsidise, raise_alarm, draw_attention, fighting, incentivise, negotiate, xrhungerstrike, grassroots, jointherebellion, movementofmovement, connectedness, marching, campaig, mobilisatio, boycottamazon, boycottburgerke, boycottmcdonald, boycottkfc, voteforyourlife, votetactically, peacefulprotest, bethechangeyouwishtosee, shareifyoucare;28;air_pollution, plastic, oil_gas, earthday, australian, eco, wild, democracy, wind, climatebreakdown, airpollution, soil, fridaysforfuture, bushfire, sustainability, carbon_neutral, renewable_energy, indigenous_people, decarbonise, warming, school_strike, head_extinction, stop_fund, pollutersout, greenwashe, extreme_weather, recycle, keepitintheground, pipeline, regenerative, destroy_planet, clima, nonviolent, diesel, stopbristolairportexpansion, green_space, exploitation, heathrow_expansion, ecology, tropical, voteclimate, eco_fascism, house_fire, ecological_breakdown, regenerativeculture, recycling, single_use, ecologicalcrisis, brave_rebel, permafrost, lifestyle, temperature_rise, sea_ice, glyphosate, heading_extinction, toxic_air, drill_oil, peaceful_protester, ice_sheet, schoolstrike, divest_fossilfuel, fridaysforfuture_climatestrike, climatechangeisreal, wind_turbine, crop_failure, wearewokingxr, extinctionrebellionwrecsam, civil_disobe, shellmustfall, climateandecologicalemergency, plasticfree, consumerism, noairportexpansion, earthprotector, beyondpolitics, hydrogen, fridaysforfurture, climatecriminal, climatejusticenow, systemchangenotclimatechange, warmth, greenhouse, greenbelt, fossi, theairwegrieve, climateem, bigoil, wecanworkitout, cleanupyouract, emerg, homemade, thehourglass, demandsbill, biological, stopairportexpansion, vegetation, decentralised, globalwarme, thunberg, actionforbolivia, bolivian, worldsoilday, carbonfootprint, carb, biodiversityloss, indige, expansionrebellion, greenparty, voteforclimate, grubbygrubbybarclay, dirtiestbritishbank, solarpanel, humanbeingnothumanbuying, extintionrebellion, overfishing, displacement, privatisation, nofoodnofuture, ecosyst, aquaculture, climateemergenc, severeweatherwarne, naturebasedsolution, hungerstriker, pedestrianisation, climatologist, climatestrik, votefortheplanet, votefornature, cryosphere, natureemergency, newdealfornature, stopheathrowexpansion, bushfirecrisis, thisisclimatechange, ecotainment, unsustainably, notherenotanywhere, protecttheamazon, parentsplea, banglyphosate, theairwebreathe, parentsforfuturelondon, fossilfuelindustry, rewildingwintercabaret, netzerocarbon, voteenvironment, ecologicalandclimateemergency, stepuptoclimateemergency, makeecosidelaw, friendsoftheearth, emergenciaclim, rebeli, extinctionelection, climatehustings, systemchangecrisi, parentforfuture, environmentdefender, poweringpastcoal, eugreendeal, climaterealitycheck, severeweatherwarning, airqualitycrisis, climateresearch, whatisyourpriority, climateplan, carbonmarket, leedsclimate, votefrackfree, letcommunitiesdecide, humanbeingnothumanbuye, imsohappyigrewup, oceansofplastic, citezenassembalie, foodfaiure, climatereporte, paleoclimate, hantsiwwildlife, carbonisedpleb, christmasdoesnthavetocosttheearth, childrenvsclimatecrisis, nofrackinganywhere, genotoxicity, airemergency, operationbigbird, discodisobedience, rebellioniscreative, ecologicalemerg, ditchbusinessasusual, foodvulnerability, nswbushfire;191;virus, lock, frontline_community, nhscrisis;4;hospital, public_health, nhs_staff, saveournhs, cardiovascular, coronary, paediatric;7;effectively, improvement, critical_mass, turning_point, empower, optimistic, optimism, overcome, decentralise, feasible;10;homelessness, disadvantaged, malnourishment;3;essential, wrong, extreme, deadly, catastrophe, devastating, extraordinary, increasingly, deeply, spend_billion, disruption, unacceptable, fundamental, devastation, starve, despair, suffering, overwhelming, strongly, international_crime, heartbreake, uninhabitable, horrify, genocide, dangerously, disappointment, tremendous, seriousness, negligent, monstrous, dystopian, ferocious, woefully, inability, tipping, uncontrollable, breakdow, thisisnotnormal, ifnotnowwhen, civilizational, wearewoke, hardtoreadbutwemustknow, irresponsibly, extraordinaire;44
week_3;resistance, strike_week, proactive, altogether, mobilize, takeaction, proactively, deedsnotword, yourvotematter, standuptoracism, votethetoriesout, engajamundo;12;exxon, carbon_dioxide, regeneration, citizensassemblie, humansofxr, solar_panel, environmentally, stopadani, ecological_collapse, farming_conference, environmentalism, justtransition, wasteful, ff, teachthefuture, petroleum, reusable, anthropocene, climatecafe, climatecri, extinctionrebel, flightfree, extinctionrebellionlondon, ecolo, ecofriendly, privatization, sixthmassextinction, savecongorainforest, rainy, xrfamilies, herbicide, meteorologist, indigenouspeople, savetheplanet, generational, ourplanet, takeclimateaction, regenerativeresistance, timeforchange, citizenassemblie, exctinctionrebellion, climatechan, decarbonization, sustainablefinance, fracker, makeecocidelaw, biodiversified, humanbuying, firedrillfriday, youthquake, oildrilling, geoengineering, filmstrikeforclimate, precautionaryprinciple, xrbuddhists, sustainablechristma, klimakatastrophe, culturechangenotclimatechange, nuclearban, regenerativeresistence, nonewfossilfuel, livableplanet, wearenaturedefendingitself, citezenassemblie, citizenassenblie, savetalabirafor, ecocideemergency, leedsnorthw, naturalcarbonsolution, klimaproteste, frackfreesurrey, speaktruth, regenativeresistance, conscientiousprotector, oildrille;75;saveyournhs;1;depression, therapy, childcare, diabetic, neurodiversity, neurotypical;6;thisiswhatdemocracylookslike;1;foodbank;1;violence, awful, desperately, evil, injustice, killing, horrendous, thisisanemergency, unprepared, detrimental, irreversibly, catastro;12
week_4;crowdfunde, pleasesupport;2;unsustainable, letterstotheearth, zero_emission, fridaysforfuture_schoolstrike, deep_sea, australiafire, exxonmobil, airquality, redrebel, naturecrisis, savecongoforest, stopbristolairport, extractivism, greenhousegas, consumerist, climateanxiety, culturedeclaresemergency, ourfuturewale, letrussiastrikeforclimate, emiss, ourhouseisonfire, naturalclimatesolution, climatecrisi, decarbonised, nswfire, xrregenerative, saveourchildren, recycledplastic, xrebellionuk, climateac, climatestrikers, onebilliontreesforafrica, climategrief, climatecrise, naturkatastrophe, planetaremergency, meterological, climatecitizensassembly, earthrise, emisson;40;recovery;1;rethinkhs;1;transformative, promising, hopeinthedark;3;housebuilde;1;destructive, suddenly, anxious, necessity, severity, furious, frightening, wasteland, shockingly, alarmingly, thefutureyoufearisalreadyhere;11
week_5;rediscover, riseup, savetheworld, makechange, energised;5;mother_earth, pollinator, australian_bushfire, footprint, australianbushfire, australianfire, permaculture, organic, davidattenborough, microplastic, environman, wildliferebellion, mushroom, hydro, singleuseplastic, fossilfuelfree, congorainforest, bushfires, rainf, climateemergencycamp, earthquake, contamination, zerocarbonwale, entomologist, climateheroe, sustainablefashion, australiaburns, sustainabledevelopment, climateactivism, carbondivestment, climateleader, reforest, bottledwater, orangutans, biologi, letrussiastrike, sustainableinvestmemt, klimaatverwoestende, nodrillhorsehill, climateart, systemchangenotclimatechanbe, savetheturtle, extinctioncrisis;43;non_essential, death_toll, infectious, lifebeforeprofit;4;mentalhealth, antidepressant;2;changeisgonnacome;1;foodsecurity, landlord, wealthinequality;3;unimaginable, apocalyptic, endangered, penultimate;4
week_6;campaigning, rebelforjustice, wearepowerful, reintroduce, mobilization, fighti, makeadifference, revolutionnow, fightforyourlife;9;cycle_lane, rigrebellion, australian_embassy, car_free, pollute_industry, gardening, fossilfree, oil_spill, climateemegency, campaign_rewild, joaquin, agroecology, australiaonfire, australiabushfire, savewhitehawkhill, itstimetolevelup, climateeme, freshwater, massextinction, kangaroo, australianwildfire, veganism, vegetarian, australianbushfires, organism, growing, aboriginal, overpopulation, bushfir, australiaburne, dropbp, rigrebellionii, peoplelikeus, helpless, petro, anthropogenic, greenest, australiaburning, bristolairportexpansion, endplasticpollution, australianbushfiresdisaster, rebels, xruktwitter, environmentaljustice, firestorm, planetbeforeprofit, ecoliteracy, nepocide, ourfuturesgoingupinsmoke, energytransition, agrochemical, ecoagriculture, saynotoglyphosate, buybeefriendly, vegetanuary, aborigine, nanoplastic, greeeeenwash, greeenwash, yourchildrensfuture, biochemistry, australiawildfire, isecocide, carboncarnage, hotnewworld, indonesiaflood, australiaisburning, powertothepeopletv, klimatforskare, frackfreewale, citizensassemby, rehabilitation, carbonbrief, climateergency, extinctionvacation, thunderstorm, australiaf, firecrisis, vicfires;79;transmission, curve, medication;3;0;0;acceptance;1;eviction, national_eviction;2;urgently_need, heartbreaking, disturbing, trauma, vulnerabl, upsetting, devastatingly, capitalismkill;8
week_7;optimise, maximize, publicengagement, boycottsiemens;4;climateassemblyuk, power_station, bike_lane, extinctionunderground, bushfirerebellion, offshore, peoplesassembly, weedkiller, civildisobedience, conservationist, monoculture, rebelsofnewbury, ancientwoodland, sustainably, overheating, australianbushfiredisaster, standupfortree, refurbishnotdemolish, peatfree, circulareconomy, airliner, regenerativeagriculture, environmenta, stopthemoneypipeline, airportexpansion, siemensfuelsfire, savecolnevalley, carbonneutral, extinctionorrebellion, twitternaturecommunity, communityenergy, regenerativefarme, biodi, climateprot, australianbu, rebelagainstyourownextinction, toxicair, kangaroos, extremenonviolence, extremestandingaroundinthecold, extremebannerwaving, horticultural, wildlifewednesday, crimesagainsthumanity, parentsforfutureswlondon, justtransitionalready, fuel_industry, climatejusticeissocialjustice, bushfiresaustralia, jakartafloods, greeninfrastructure, australianopen, reused, australianbushfi, endfossilfinance, farmersforclimateaction, climatemergency, ourislandsourhome, fires, towardstenpercenttreecover, climatemajority, standwithindonesia, criseclimatique, shutdownadani, keepfossilfuelsintheground, glittercardamnesty, wastelessmarket, netzerouk, ecoagreculture, ecoligicalemergency, methanehydrate, trainsnotplane, globalecogenocide, extremesinge, extremecupsoftea, crisiecol, xrart, xrcommunity, writersrebellion, fuellingextinction, ecologicalgrief, ecogenocide, australianbushf, bushfirecrisisaustralia, saveourdownland, demandclimateaction, lakeshorecleanup, notinmytank, nomoreglyphosate, wildfires, rewild_hollingbury, citizensasssembly, investinwind, climatique, climatiques, notextremist, environmentallyfriendly, climateprotest, rogerforclimate, refurbishdon'tdemolish, protecttheocean, savesouthwarktree, dontdemolishrefurbish;103;cummings, endemic;2;0;0;ourpositivefuture, recreation;2;0;0;cruel, heartbreak, emergenc, unfortunate, unconscionable, omnicide, epochal, extermination, ourfuturegoingupinsmoke, failedpeople, devastati, unprecedente, tomorrowscapitalism;13
week_8;fight_prevent, exist_protect, peoplepower, boycottdisneyland, youthsrike;5;sunflow, walking_cycling, ecologically, xreastherts, headingforextinction, powertothepeople, overconsumption, xrfarnham, publictransport, glysophate, climateassembly, extinctionrebell, radioactive, climateactivist, afforestation, airportrebellion, carfreeday, emergencytreeplan, radioactivity, climatetwitter, ecoeconomic, ethnocide, futuresgoingupinsmoke, bioamrywiaeth, fossilfreefuture, climatesolution, ecologicalcri, climaterefugee, pollluter, atmosphe, envrionment, primatologist, regenerat, protectourgreenspace, declareclimateemergency, stopthepigfarm, takeclimateact, savethebees, nativeplant, cephalopod, climatecommunity, stopthemoneypipe, interspecie, xrebellionwa, penguinawarenessday, emperorpenguin, birdwatching, climateparliament, fridaysforfutureke, sustainabletransport, futureforall, saveourplanet, klimastreik, onlywecansaveus, howtosavetheplanet, jointheregeneration, greendrinksleed, recycleable, drinkingwater, savewensumvalley, citizensassembie, xrdrummerswest, nutrientdensity, protectouroceans;64;paramedic, epedemic;2;0;0;inclusivity, realchange;2;0;0;disgraceful, monstrosity, wedonthavetime, incapable, inhumane, devistate, unacountable, collapsology;8
week_9;conservationoptimism, weneedtoactnow, massmobilisation;3;wildflower, paintthestreets, shell_withdraw, borisyourrubbish, savecongofor, foodwaste, carbonemission, peoplenotprofit, wilde, greenhou, climatedenial, landuse, seawater, unleashlocalpotential, wildcardiffhour, lovetheplanet, greenwasher, youthstrikeforclimate, geologic, infestation, climatestriker, xrycanterbury, heathrowairport, animalrebellion, climatebrawl, nocashforcarbon, xrsouthwarkdrummer, ornithologist, actforamazonia, bioma, nobristolairportexpansion, cleanairnow, speciesextinction, citizensassemblyuk, biogeochemical, stopkronospan, flightffree, musicdeclaresemergency, parentsforfutureglobal, refurbishdontdemolish, systemschange, howtosavethepla, lovetheearth, ourhouseisburne, derbyclimatecoalition, derbycitycouncil, climatehealth, blackcarbon, idontwantplastic, lovetheplan, karuraforest, planetrepairs, reparatoryjustice, plasticfootprint, guildfordgoeswild, noexcuseforsingleuse, criticalmassoxford, foodproduction, youarewhatyoueat, waterbelongstothechildren, fossilfuelsubsidies;61;corona, coron, coronarovirus;3;mentalhealthawareness, mentalhealthmatter;2;anotherworldispossible, rainbow, succeed;3;socialinjustice;1;doomsday, uncontrolled, unfathomable, atrocious, doomsdayclock, katastrophalen;6
week_10;sabotage, subsidize, bethechange, empowerment, wecandothis, petitio, crowdfund, actionnow, endracism, endbigotry, endintolerance, endhateincitement;12;enoughisenough, bpmustfall, high_carbon, cyclist_pedestrian, allforclimate, ecopositive, regenerati, sustainabl, ecologica, plasticwaste, disobedience, notoplastic, everyactioncount, ecosystems, bpshutdown, oneyearzeroaction, pollutionwatch, deadcanaries, redrebelbrigade, futurehomesstandard, carboncapture, watershed, decentralisation, communitiesforfuture, globalecovillagenetwork, environmentbill, climateemerg, letpompeybreathe, dehydration, worldwetlandsday, nomorebusinessasusual, xrsutton, noairportexpans, regenerationrising, parentsforfutureuk, locustplague, bpornotbp, lifeonearth, notoairportexpansion, nomoregreenwash, sustainabilityfair, ecostickcampaign, environmentalimpact, fridayfor, ecosytem, lightpollution, citizensofearth, snowrebellion, detoxthealgorithm, takeclimateactionnow, useyourbrainsnomoreplane, naturebasedsolut, futuregeneration, peoplesclimatea, ecoemergency, publicconsultation, reducereuserecycle, microbiome, coalkill, unobtrusive, environmentalrights, likeleaveswefall, stopcarpitalism, stopairportexpansio, getclimatechangedone, climatepolicy, greenhydrogen, acidization, acidi;69;coronavirus, immunity;2;0;0;inevitably, thiscanchange;2;economic_recovery, tradeunion, payday, universalcredit;4;massacre, humiliatingly;2
week_11;powertogether, togetherwemarch, unleashloca, westoppedbristolairportexpansion, takebackcontro;5;tree_protector, enoughisenough_march, fuel_company, clearskie, climateandecologicalcrisis, stormdennis, climateactnow, climateemergencynow, agribusiness, loveyourplanet, joaquinphoenix, climateheartbreak, loveletterstomotherearth, indigenousright, indigenousrights, emergencypanel, sustainablelive, fashionactnow, petrochemical, weareallcrew, rebellio, climatecatastrophe, ozone, stopbristolairportexpansio, xrnewark, organically, guardiansoflife, plasticfreesea, stopbristolairportexpansi, bpmus, climatechaoskill, brushfire, exctinction, contaminated, xrfashionaction, indigenousrigh, indigenousri, joaquinpheonix, tremendously, carbonsink, climatebreakdow, ecoguard, climateandec, monoxide, climatefuckingemergency, stopcityairport, speakupfortheclimate, peoplesclimateassembly, climatereality, climatestripe, climatesafety, clmateemergency, ecolive, ecolife, stopsilvertown, elologicalemergency, notravelonadeadplanet, londoncityairport, indigenousland, xrbalham, healthimplication, indigenousunderattack, localrebellion, bpmustf;64;stay_safe, wellbeingovergdp, superspreader;3;medicinal, cardiovasc;2;clear_sky, magnificent, envisioningtomorrow;3;0;0;despicable, vulnerability, outcry, gigantic, immediatel, thisiszerohour, foodinsec;7
week_12;daysofaction, justsayno, weallstandtogether;3;flood_victim, leaveitintheground, overproduction, xreasthert, composting, planetearth, pollu, thereisnoplanetb, footpr, carbonzero, bpnetzero, climateactionn, saynotothemow, clientearth, globalclimatejustice, worldpangolinday, climatebreakd, multigenerational, extinctionreb, extinctionrebelion, nofashiononadeadplanet, climateemergencyno, savetheforest, capitalismisdestroyingourearth, greenenergy, greeningtheborough, gogreen, xrdecolonisedecarbonise, lovesongsfortheplanet, xrsuffolksunrise, fridaysforthefuture, cleanairmcr, climateemergen, climatedenier, economicslowdown, xpowertothepeople, repoweringlondon, insectapocalypse, civildiscobedience, worldwhaleday, climatevandalism, canterburyclimateaction, stopfundinghate, dontbuythescum, croydonclimateaction, climatestr, climatevalentine, valetinestotheplanet, releaseclimateplan, severefloodwarning, floodwarning, africanclimateallience, l'environnement, energietr, extractuntilnothingisintact, deforestati, solidarityandenergy, healthimpactassessment, cleaneconomy, upcycled, releaseclimateplans, xrsnowflakes, carboninthesoil, environmentalists, ecowatch, greendebt, friendoftheriver, cilmatecrisis;68;cumming, quarantine, shutdowncanada;3;0;0;0;0;unemployment;1;dyeing, runningoutoftime, exhausti, timesupondirtymoney, outrageously, destablisation;6
week_13;everybodywelcomeeverybodyneede, peoplegotthepower, communityengagement, iblockedthemailandthesun, iblockedpiersmorganjuliahartleybrewerandjeremyclarkson, iblockedthesun;6;reclaim_street, democratise, thebluewave, earthhour, keeptheseaplasticfree, fossilfue, peopleassembly, marchfortheirfuture, harvesting, everybodytogether, climateju, wearethedeadcanarie, golightly, communityclimatehub, emissions, holocene, loveourplanet, righttobreathe, environmentagency, civildisobedien, endcoal, climateemargency, ecosyste, discobedient, deforestat, teachersagainstclimatebreakdown, extinctonrebellion, alloflifeonearth, lockthegate, thirdenergy, hydrochloric, wearethecanarie, wearenature, meatless, windturbine, takebackcontrol, meatfreemonday, climateemergencysorte, wearethedeadcanaries, futureoftourism, zeroemissions, rebellionwave, wiltshireclimatealliance, climatejusti, ffosil, youthstrikeforafutture, reenergis, sustainabletravel, lleaveitintheground, ecosistemas, letsgetthetruthoutthere, peopleassemblie, standupforwhatyoustandon;53;0;0;0;0;anotherfutureispossible;1;0;0;oppressive, humiliating, timeisrunningout, destabilize;4
week_14;countrywide, jointherevolution, youngactivists, togetherstonger;4;naturenow, crossland, disposable, xrwinchester, biodiversitymatter, indigenou, schoolstrikeforclimate, netsdownfornature, biodiversitycrisis, xrhounslow, thegreatnhsheist, climateandecolo, extinguisher, climateassemb, endangeredspeciesact, unrecyclable, fridaysforfutureglobal, dontbuythesun, urbangreenplan, euclimatelaw, xrfaithbridge, bioplastic, biogasification, bigcompostexperiment, fridaysforfu, extinctionrebellionukraine, stopplasticwaste, creativerebellion, protectearth, protectmothernature, protectourhome, nomoredenye, nomoredye, protectwildlife, protectourplanet, nomorecoffin, enviornmental, climateactionweekncl, buildhomesnow, stopfundingfossilfuel, ecosocialism, naturesright, greeneconomy, stayontheground, leavitintheground, sutherlandspaceport, onelifeonourplanet, iamnotaconsumer, bluewaveglasgow, amgylcheddo, xrbristolsamba, everytreecount, whenignoringexpertsgoesbad, guildfordgreendiary, housingdevelopment, xrdeclaration, environmentalracism, riversareforsalmon, climatechangecalmbeforethestorm, worldisburne, cleanwater, uncontaminatedfood, dontbeafossilfool, stopdenyingtheearthisdye, plantmoretree, looktothefuture, notodeepseadrille, fridaysforfuturehealth, environnement, fairtrade, fairtradefortnight, stopcoastalerosion, climateadaptati, peatfreecompost, fingerprintsnotfootprint;75;covid, pandemic, vaccine, death_rate, coronavid, coronaoutbreak, medicalemergenc, amedicalemergency, healthcrisis, medicalemergency;10;0;0;changeiscome, wonderfulworld;2;0;0;inefficient, extraordinarily, irreversib, deathbed, groundbreake;5
week_15;mobilising, occupyarla, mothersriseup;3;greatbarrierreef, ecolog, climatereframe, saveourgreenspace, aerosol, greentransition, plantbasedfoodsystem, recycl, fuellingourextinction, eastlondonclimatesummit, plantationsarenotforest, savecardifftree, xrderbystayingalive, seafloor, maintainwhatwehave, protecttheenvironment, protectoutfuture, saveourgreenbelt, cleanaircitie, horticulturist, righttorepair, stopgreenwashe, transformativeadaptation, plasticus, protectlakevictoria, ecoentrepreneur, climateleadership, wetsuwetensolidarity, everymoleculematter, saveryebankfield, seabirds, fossilfuelfa, climateassemblyguildford, nomorecruise, banfossilfuel, indigeno;36;lockdown, coronavirus_pandemic, stay_home, self_isolate, flatten_curve, corona_virus, flattenthecurve, coronavirusuk, precaution, flatten, cornoravirus, spreader, sanitizer, panicbuyer, epidemiolo, coronvirus;16;fibromyalgia;1;thefutureisfemale, wemaketomorrow;2;jobless;1;horrible, inconceivable, unprecedentedness;3
week_16;strikefromschool, keepfighte, communityaction, communityspirit;4;climatestrikeonline, connectingcommunitie, noinsectsnofuture, standforthetree, defundclimatechange, nonviolence, dearearth, rebelbookclub, standforthetrees, planetarycr, animalactivism, stopfossilfuel, locustinvasion, amazonrainforest, saveourseassaturday, hertfordstrike, wildfl, silentstrike, naturerestoration, indigenously, bankingonclimatechange, climateemergecy, freeallprotester, generationsunite, weareoneworld, systemshift, seagrassiswhereitsat, plantaflowerday, photosynthesis, biodivesity, contagio, earthship, blueskiesundertheflightpath, humanityisaliveand;34;social_distancing, return_normal, social_distance, essential_work, socialdistancing, cough, coronaviruspandemic, coronavir, lockdownuk, sanitiser, coronavirusoutbreak, covi, healthworker, infected, coronauk, selfisolation, corvid, coronavirusupdate, coronav, herdimmunity, chlorine, ukcoronavirus, cornavirus, hospitalise, staythefuckhome, pausethesystem, sanitation, coronovirus, peoplebeforeprofit, dontbeaspreader, viru, viruse, hygienic, covidart, selfisolationgame, coronapanic, solonotalone, schoolclosureuk, canceleverythe, onlinerebellion, immunocompromise, flattenthecur, conronavirus;43;renationalise, privatize, therapist;3;connectingcommunities, wecanworkthisout, bravefuturemother, bravenewfuture;4;basic_income;1;mattermost, liketheresnotomorrow, unpreparedness;3
week_17;demand_kick, stayconnecte;2;cop_pollutersout, climatekindness, climatekindness_day, demand_shell, kick_pollutersout, industry_steal, withdraw_involvement, exert_fossil, level_pollutersout, pollute_corporation, regenerativerebellion, pollutersout_cop, talksforfuture, glacial, groundwater, renewabl, ecologicaljustice, ecofascist, pollutersoutnow, greenspace, fridaysforfutur, ecofacism, gardeningisnotcancelle, everydaywildlife, environmentali, polluterout, keepthecountrytidychallenge, boycottwetherspo, forestsandbiodiversity, biomedical, phulbariresistance, ecosystemregeneration, regenerationrise, internationaldayofforest, internationalforestday, natureishealing, renewably, wildlifefrommywindow;38;alonetogether, ppe, stayathome, key_worker, socialdistance, stayhomesavelive, keyworker, sars, uklockdown, contagious, stayathomesavelive, coronavirusbill, clapforourcarer, homeschool, antibody, disea, coronaviruslockdown, coronacrisis, helpthenhs, covididiot, solaceinnature, homeschooling, stayhomestaysafe, staysafestayhome, coronavirusbilluk, flattenthecuve, covidukright, coronacrisisuk, myquarantineinsixword, covidra, coronaviru, unitebehindthescience, stopcovid, stopcoronavirus, stayinghomesaveslive, coreadingvirus, lockdownnow, myquarantineinsixwords, payyourstaff, coronacapitalism, asymptomat, yournhsneedsyou, savannahs, disinf;44;nhsnoth, nhsnoths, nhsheroe, nhsthankyou, psychotherapi;5;thefuturewechoose;1;universalbasicincome, rental;2;heartbroken, lethargic, resilenceskill;3
week_18;onlinegathering, virtualsummit, mustwatchs, mustread, demandafuture, klimaaktivistischen;6;construction_site, digitalrebellion, treemageddon, climatekindess, thetruthaboutzane, motherearth, extinctionrebellio, systemchangenow, lowcarbonfuture, protectourwildlife, savethetree, peatfreeapril, cyanide, pavementchallenge, humanandplanetaryhealth, indigineouswisdom, feedthenation, carbonbubble, greenergoogle, digitalaction, spottherainbow, rainbowtrail, dontbailoutecocide, protectthevulnerable, waterislife, therewildtribe;26;justrecovery, socially_distant, clapforcarer, newnormal, coronaviruslockdownuk, nhscovidheroe, stayhomesavelives, coronalockdown, disinfectant, thankyounh, thankyounhs, postcovid, clapfornhs, clapforthenhs, socialdistanacing, togetherathome, thankyounhsstaff, jackmonroeslockdownlarder, socialdistancinguk, extermintatecovid, nonessential, stopthespreadofcorona, immunologist, whencoronavirusisover, launchinginlockdown, volunteersagainstcovid, stayhomesaveli, cornonavirus, covidheroe, socialdistanci, coronaviruscrisis, coronapandemic, thelockdown, yomequedoencasa, lifeinthetimeofcorona, nhsworkers, stayathomeandstaysafe, karunavirus, presymptomatic, aftercovid, supportthenhs, beatthevirus, postcorona, postpandemic, stayhomeandgrowyourown, cuarentena;46;nh;1;earthoptimism, empowered;2;stopandscrapuniversalcredit;1;unnecessa, irrecoverable, apocaylpse, disastercap;4
week_19;0;0;earthdayswitch, doughnuteconomic, earthdayswtich, digitalclimatestrike, worldhealthday, ecosy, climatesafestreet, climatest, emmission, lovenature, saveourtree, futuregenerationsbill, prosecutepolluter, europeanrewildingnetwork, ecodemocracy, gardenwildflowerhunt, ccimateemergency, dairyindustrycruelty, dairycruelty, dairyisdeath, dairyisrape, internationalbeaver, bringbeaversback, xrscientist, nocarbonbailout, woodlandprotector, naturerecovery, dontdrillwight;28;socially_distance, savepeoplenotplane, clapforkeyworker, savelive, essentialworker, carryingthecountry, pandemi, biodiversidadycovid, museumsunlocke, nhsheroes, coronvirusuk, sciencefromhome, stayhomesavelivesnhs, immunocomprimise, thisisjustadrill, coronavirous, homeschoolsoutf, pneumoni, covidlockdown, kindnessiscontagioustoo, keyworkerheroe, savelivesstayhome, workingfromhome, keepyourdistance, staylockeddown, rainbowsfornightingale, togetherapart;27;healthcareworker;1;0;0;0;0;nogoingback, horrid, devasta, catastrophically, disgracefu, heartbreakin;6
week_20;crowdsourced, deconstruct, bounceforward;3;green_recovery, greenrecovery, siberia, wearetheboat, thirddemand, carblind, lovetreesaxedrax, earthdaysw, systemcha, bailouttheplanet, climatejust, trustthepeople, xrcamden, bioenergy, thetideskeeprise, oilspill, ecologicalbreakd, cardependancy, regenerativedesign, extinctiorebellion, globaljustice, heatstroke, nodirtybailout, klimaschutz, emergencymeasuresnow, aerodynamic, dogcatmeattrade, earthdaybingo, earthdaychallenge, healrewilde, cattleindustry, animalrights, chernobylwildfire, responsibleinvestment, virtualclimatestrike, endplasticpolluti, thisisnotadrll, institutionalcyclophobia, protectourcoast, wildlifetrade, environmentemergency, stophorsehill, ecologicall;43;covidcrisis, physicaldistance, lockdowner, covidtesting, coronaviruse, lockdownextention, stayhomebutnotsilent, epidemiology, lockdownextende, staysafeeveryone, keyworkers, wheelsforheroe, nodairybailout, nobailoutsforbillionaire, reinfection, crushthecurve, oncethingsgetbacktonormal, protectallworker, virtualparliament, ppeforthenhs, virology, socialdistancingnow, covidemergency, immunosuppresse, arbordayathome, covidshame, lockdownboredom, frontliner, coronavirusinindia, thankyoupostalworker, staysafestayho, exponentially, covidreport, rainbowsfornighti, localhistoryinlockdown, protectthenhs, beatmungsger, frontlineworker, stayinghome, covidsafetyfirst, coronakrise, londonlockdown;42;youclapformenow;1;zukunftsgewandte;1;payeveryworker, eviction_team, basicincome, cancelthedebt, endpoverty;5;devastatio, emergencyplan, monumentally, unbelieveably, nightmarish;5
week_21;galvanise, chasethemoneyout, politicize;3;axedraxnottrees, oilinthewater, urgewald, peoplenotpolluter, planetnotprofit, moneyrebellion, earthdayathome, xrsuttonreconnectwithnature, climatechang, thisisadrill, earthdayswi, earthweek, aprilrebellion, extinctionendshere, biofuelwatch, motorphile, citizensassemblies, daysofclimateaction, tellthetruthbelgium, wildflowerhour, cookingforclimate, letterstomotherearth, sustainablity, indigen, guardiansoftheforest, whatsthebirdieuk, endangeredspecie, wildflowersseeninuk, wastemanagement, whywecycle, veganhour, indianveganfood, cancelanimalag, aerosols, anthropocentric, wearetheplanet, climateeducation, wecanteatmoney, peoplespodium, peopleoverprofit, cleanwateract, cleanairact, earthwe, airstrike, fireyourfossilbank, endtofossilfuelssubsidie, crowdfarming, stopdrilling;48;buildbackbetter, spacefordistance, defendthedefender, xrsuttonalonetogether, letsstayhomebutnotsilent, convid, bailouthuman, alonetogetherflame, togetheralone, covidpandemic, easterlockdown, bailouthumansnow, socialisolation, coronaviruses, nzlockdown;15;publichealthnotprivat, neuroatypical;2;thefutureishere, liveourbestlife;2;0;0;inexorably;1
week_22;strongtogetheronline, phrotestiadau, stopthemoney;3;nogoingback_anotherworldispossible, planetofthehuman, degrowthtalk, stopfoodwasteday, worldpenguinday, fundingclimatechaos, fighteverycrisis, greencoronarecovery, petrofertilizer, planetofthehumans, climatestrikeonl, shutcityairport, citynaturechallenge, veganfood, doughnuteconomics, fossilfuelsgameover, reconnectwithnature, carfreeguildford, derramesosamazon, climateemergencycentre, treesforclimate, skiesareforbird, protectedspecies, insureourfuture, ecoshock, safestreetsforcycle, globalwindenergycouncil, headwind, nationalgardeningweek, reforestengland, wildlifemarket, earthdayweek, londonplanetree, stoparcticdrille, peoplevsarcticoil, wildlifewebcam, defundclimate, ecofacist, fossilized, xrregenerativeculture, veganfortheanimal, d'insectes, butterfliesoftheworldweekend, allanimalsareequal, carbonfree, carbonmadness;46;coronavi, lockdowncyclefreedom, corovid, epidemiological, superspreading, operationcygnus, immunoprivilege, keepgoingitsworking, trumpdisinfectant, distancin, postcovidcity, lockdownactivitie, learnfromthepa, leavenoonebehind, weareinthistogether;15;migrantsmakethenhs, migrantsmakeournhs;2;wethefuture, abetterworldispossible, buildabetterfuture;3;rebuild_economy;1;disheartening, nogoingbqck, unqualified;3
week_23;reclaimthestreet, mmiwgactionnow, listentotheexpert, inactivism, paintingthestreet;5;fossilbanksnothank, dontbankonbarclay, seedsoflove, chalkyourwalk, botanist, unifyingflyingobject, pesticidefreetown, guerrillasunflower, closedforchange, rewildlondon, natureneedsheroe, worldenvironmentday, plantingforjustice, artrebellion, xrpaintthestreets, earthovershootday, brooklandscommunitypark, thepriceofeverything, unifyingflyingobjects, notbpportrait, depopulation, atmosphereric, birdsnotplane, notjustweeds, envirolution, actionforinsect, stopprestoninc, rebellionistheonlyoption, futurethinke, climateconscious, triplewellbeing, cardiffwildhour, treesnotroad, extinctionfilm, watersavingweek, waterefficiency, savewater, enculturate, planetofthehu, planetaryhealth, planetandpeopleoverprofit, morethanweed, worldnakedgardeningday, radicalwellbee, windowsillgarden, sunflowerchallenge, sustainablefuture, justtransistion, postcardsforthefuture, stopfundingheat, renewableener, treechallenge, nettingkillswildlife, everyflowercount, rebelbotanist, klimaatcrisis;56;postlockdown, thirdimmunity, lockdownend, ppenotgdp, carbonfreerecovery, practisesocialdistance, homeworking, testingforcovid, lockdownextension, lifeafterlockdown, buildackbetter, immunology;12;nationalisation;1;windsofchange, xrsuttonpositiveimpact, anotherworldispossible_closedforgood;3;standwithworker;1;insufferable, epicenter, thereisnogoingback, destroyi, extrememe, formidable;6
week_24;activeneighbourhoo, digitalstrikeoxford;2;fossilfuelisdead, agriculturebill, deforest, sunscreen, reclaimourstreet, saveourforest, coalfreemonth, zerowastewale, climateresistance, soundsoftherebellion, pollutio, biohazard, streetsforpeople, penpaperpint, planetrepair, roadbuilding, oxybenzone, octinoxate, climateation, phytoplankton, plasticpollutio, dontcageourocean, foodsovereignty, keepslaughterhousesclose, popupbikelane, climatebuste, chrysotoxum, hedgehogawarenessweek, regenerativecult, fossilbanksnothanks, climatedisaster, voicefortheplanet, endplastic, keepitinthegroun, endfactoryfarme, animalcruelty, fossilfuelsdead, cloudforest, worldmigratorybirdday, birdsconnectourworld, insec, helpcombatclimatechange, exinction, notjustweed, onlineclimatestrike, getpedalling, noeconomywithoutecology, greenhous;48;streetspaceldn, buildbackbett, buildingbackbetter, healthbeforewealth, testtraceisolate, frontlinestaff, lockdownreade, spacefordistancing, socialdistanc, carenotdividend, stopcaredrainer, clapforppe, extendlockdown, resilientrecovery, cleanrecovery;15;internationalnursesday, publichealth, healthystreet, highwaystohealth;4;buildastrongertomorrow;1;0;0;annihilate, mortify, catastrofuck, insufficiently;4
week_25;growyourown, followthescience, youthinaction;3;biodiversityday, worldbeeday, eastcambsbuscyclewalk, cleanairforgood, cleanairforall, pompeystreetspace, getsuttoncycling, biodiversityweek, anotherworldispo, ournatureisnotyoursolution, reclaimthestreets, cyclingforcleanair, asbestos, incredibleediblewrecsam, pavementplant, spacestobreathe, wellbeingeconomic, zerocarbonfuture, carboneconomy, ecologicalamity, ouvronslesparcs, citiesareforpeoplenotcar, hydeparkprotest, radioecologist, peoplenotcar, peoplenotcars, nofutureinoil, climatefinance, petrolhead, birdlife, getcarsoffourpavement, stopanimalabuser, streetsareforpeople, internationalbeeday, ourworldmatters, naturelovers, beeday, thewindsofchange, seedsofhope, plasticpoll, greenjobsrecovery, economaidd, democrataidd, plasticplanet, ecologicalthinking, leedsbradfordairport, pedestrianising, respectnature, planetaryboundarie, spacetobreathe, wildflowersnotweed, wildlifecomeback, elderflower, naturescalendar, rebelsforlife, wildandlive, peopleoftheriverrise, defofestation, worldoceansday, climatebabe, neweconomy, clarendonpark, stopmoneypipeline, storyofplastic, savebeesandfarmers, cyclelane, savethenorthernmeadow;67;homescho, carownervirus, peoplesvaccine, coronaproof, lockdowntaughtme, pandemig, covidandclimate, sociallydistanced, bailoutpeoplenotcorporation, sociallydistance, lockdownart, covidrainbow, demandanewnormal, lockdownlibrary, safetyforeveryone, coroanavirus, covidtodayclimatetomorrow, peterpandemic, buildbackbe, buildbackbetterusa, antiviruswipe;21;mentalhealthawarenessweek, midwife;2;abetterfutureispossible, anotherworldis, anothersuttonispossible, hopef, anotherwordispossible, anotherworldispossi, anotherworldispossib, betterfuture, hopeforhumanity, anotherworldipossible;10;0;0;nogoingbacksundays, irresponsibility, wasteofmoney, execution, falsesolutio, inexcusable, goddamn, thetesnogoingback;8
week_26;anotherworldispossibl, concertforconservation, nbsdigitaldialogue, thisischange;4;decidetogether, nogoingback_decidetogether, notolbaexpansion, nogoingbacksunday, lovewildlifeaxedrax, bioidversityday, thestoryofplastic, climatespiral, safecycling, citizensasse, noisepollution, emergencyourplanetmatter, noforestsnofuture, makespaceforbike, foodrevolution, sealevelsrising, biodegrade, lesstraffic, lesstoxicair, lesspollution, lesschildasthma, lowtrafficneighbourhood, internationalbiodiversityday, moretreesplease, pedestrianization, geologically, worldbiodiversityday, cycloneamphan, forestoffset, climatechangemaker, defundfossilfuels, walkcyclechester, stopclimatechange, animalsanctuary, environmt, ecopoint, energa, regenerated;38;dominiccumming, hownormalwasnormal, socialdistancingfail, schoolsreopene, backtoschool, schoolsreopening, putpeoplebeforeprofit, justrecoveryforall, coronacreativity, recoveryfund, lockdownvisitor, cummingsgate, borisknew, cummingsnotgoe, contactlesscoffee;15;diabete, mentalhealthforfu;2;betterwordlispossible, brighterfuture;2;nationalevictionteam;1;unquantifiable;1
week_27;familyactivism, righttoprotest;2;changeisnow, decidetogethe, ourgreenspace, cilmate, consciousconsumere, xrhackneyfamilies, stopthetraffictide, spaceforcyclist, spaceforcycle, getsuttoncycle;10;thenewnormal, boristhebutcher, policingthecoronastate, greencovid, peopleorprofit;5;0;0;anotherwor, wehaveachoice, flightfreefuture;3;0;0;0;0
